variant,label,run,MAP RMSE (mmHg),Flow RMSE (L/min),Unsafe Event Rate (%),Speed Variation (krpm),Return
full,Full CNN-Transformer,1,4.130173403174176,0.38216773713204666,1.4713544866687127,0.331820693538541,88.99803294980512
full,Full CNN-Transformer,2,3.856645478901895,0.32756650827053585,2.9139529504177473,0.4254957735626698,87.4590492286948
full,Full CNN-Transformer,3,3.1083314698083933,0.39054868874738763,2.298258935694534,0.3960049625402019,85.27810785607365
full,Full CNN-Transformer,4,3.8674577548401454,0.3716649878567248,2.4793031992582133,0.3244351076571415,92.56927244384877
full,Full CNN-Transformer,5,4.108847641078223,0.40415492609009535,1.1709133026449734,0.3582827836131274,88.41628836695484
full,Full CNN-Transformer,6,3.5933949744484743,0.2946713400027935,2.6174894809443043,0.40971511625640195,90.20561994668425
full,Full CNN-Transformer,7,3.851208641133547,0.29043474750496595,1.714879725259702,0.3382187954674185,80.52188948404655
full,Full CNN-Transformer,8,3.4645390557920304,0.2877870482510841,1.8244290628584467,0.43203260810921096,88.32160874024443
full,Full CNN-Transformer,9,3.6631238288158943,0.34957536014451374,2.176904770564094,0.35612288402626413,85.14796973827282
full,Full CNN-Transformer,10,3.7242135897710082,0.43088868679476455,3.009367352441428,0.3918598587600896,90.25606331711504
full,Full CNN-Transformer,11,3.2669458174555324,0.28273751872404296,1.8874909624934388,0.3739991524844611,87.14624288955406
full,Full CNN-Transformer,12,3.546676174788832,0.2720868813251297,2.64275014682288,0.3361854629369922,90.24301922754871
no_cnn,w/o CNN,1,5.5181376171623455,0.4638549982139402,5.701068682181365,0.18874270928051468,81.07658732369406
no_cnn,w/o CNN,2,5.352306256869223,0.4452757343328002,5.040279199602793,0.2941571384561833,75.83068044576319
no_cnn,w/o CNN,3,5.307311893640676,0.42822512912622895,4.305544865785723,0.36425899657715183,70.95114013840627
no_cnn,w/o CNN,4,5.10543424977354,0.5312013159810741,6.72059197127089,0.24829083473475785,76.08176814292048
no_cnn,w/o CNN,5,4.679081578193485,0.5466985144474379,4.956232009294733,0.32583003635038243,81.71893474432379
no_cnn,w/o CNN,6,4.474019763929077,0.4453326334778988,4.739716915961641,0.2961851330344197,74.14512905094725
no_cnn,w/o CNN,7,5.1403217253426785,0.5991272088637407,7.927815639715783,0.29814468092270957,74.65306764298911
no_cnn,w/o CNN,8,4.829961312782207,0.537785785194882,4.338400297859985,0.35918771273793765,72.55416917883656
no_cnn,w/o CNN,9,4.0251015288056005,0.5379676088166868,5.840797087930363,0.25715778009409207,71.66260151991467
no_cnn,w/o CNN,10,5.143257061486024,0.5514925612626612,6.828477098147837,0.3376791206415655,78.43432827691001
no_cnn,w/o CNN,11,4.731905921722501,0.5894421005550614,4.314707941783822,0.33934436801801104,78.4795123567284
no_cnn,w/o CNN,12,4.836926663732713,0.5247053745187353,6.025933420715584,0.27082255608082767,74.57607088607475
no_transformer,w/o Transformer,1,6.780825548562559,0.5009775232055294,4.105960794316484,0.19762310134228142,67.97995815981116
no_transformer,w/o Transformer,2,5.737181182324412,0.5151069220140576,6.459653580550735,0.26700243887102243,74.81586438574908
no_transformer,w/o Transformer,3,4.473641476327881,0.5101111726781591,8.740824869541427,0.20203412494366874,69.20634583477494
no_transformer,w/o Transformer,4,5.222565028872824,0.5555569933678739,5.539858148657742,0.3119840564335253,72.9459322937649
no_transformer,w/o Transformer,5,6.972240940097658,0.6513650577592185,5.824376212275378,0.26077411073673123,71.15558391998033
no_transformer,w/o Transformer,6,5.17742619741947,0.5218296359557885,6.126846605236931,0.21727510652822432,76.08527655352918
no_transformer,w/o Transformer,7,5.12824349432535,0.5949183864178891,6.966293690008468,0.23003288352277382,72.83331692974551
no_transformer,w/o Transformer,8,4.1733496550460085,0.7118515898176425,6.279957931802836,0.1966363713246753,67.97388012083252
no_transformer,w/o Transformer,9,6.304232376078947,0.5095514253582221,6.263798107402447,0.32669465146308685,66.23345162857063
no_transformer,w/o Transformer,10,4.949090813861581,0.4442076277153447,7.94732945573247,0.19233772498420365,73.03552318015456
no_transformer,w/o Transformer,11,6.538960449266125,0.46874098324555896,8.04213160374269,0.24601587760432897,72.02814072679617
no_transformer,w/o Transformer,12,6.362776544169411,0.4624417999852546,5.234214492229528,0.19495772556404817,74.94282288062477
mlp_rnn,MLP/RNN Baseline,1,5.892909116983823,0.7023174565204546,9.465291693043818,0.1940863024657419,63.85713449548488
mlp_rnn,MLP/RNN Baseline,2,6.927482961723777,0.693523548425513,9.249641098482293,0.16578748045827174,56.25907689348739
mlp_rnn,MLP/RNN Baseline,3,6.485809921660886,0.507221791359656,10.481774221298691,0.1436138983452656,57.756696280617234
mlp_rnn,MLP/RNN Baseline,4,7.7861798984341135,0.6394975766854083,11.11743245647256,0.2261053396384007,57.196142485491
mlp_rnn,MLP/RNN Baseline,5,5.578763348690513,0.7237095780603927,12.658447278599267,0.22756200837033977,58.0676842076394
mlp_rnn,MLP/RNN Baseline,6,5.691314851030721,0.7162781087282739,10.591845567945564,0.17402826873902413,55.24009338984186
mlp_rnn,MLP/RNN Baseline,7,5.730146789795144,0.7927411026754678,10.253794699805546,0.2054653862646392,58.67875757580212
mlp_rnn,MLP/RNN Baseline,8,7.502645536293203,0.5687793536459186,9.593068906676876,0.16390576976219906,62.38296047517506
mlp_rnn,MLP/RNN Baseline,9,7.299208333914566,0.7233946883324363,9.863396747162469,0.17335952513323433,52.04593689185688
mlp_rnn,MLP/RNN Baseline,10,8.345351324104211,0.7090423828262741,11.802845792024229,0.14634086510880337,60.87029648925252
mlp_rnn,MLP/RNN Baseline,11,7.037697722463251,0.6908151200018677,11.591059391965976,0.1323556420654147,62.52702443760062
mlp_rnn,MLP/RNN Baseline,12,6.289078098415373,0.7414372890281596,11.503240365291942,0.211436043356267,65.0983712980029
